raw_scraped_text,scrape_date
REMOTE: Machine Learning Engineer. Salary $150k. 5+ years exp. Apply at https://apply.airecruiting.io/mlengineer,2026-03-11
"Frontend Developer (React) needed in Austin, TX. Pay: $110K/year. Apply at https://company.com/careers",2026-03-11
Job: Senior Python Developer at TechCorp - Salary 120 thousand - 150 thousand - Remote - Contact: hiring@techcorp.com,2026-03-11
Job: Senior Python Developer at TechCorp - Salary 120 thousand - 150 thousand - Remote - Contact: hiring@techcorp.com,2026-03-11
"We're hiring a Data Scientist! Location: NYC. Salary: 130,000 USD. Email resume to careers@dataco.io",2026-03-11
"We're hiring a Data Scientist! Location: NYC. Salary: 130,000 USD. Email resume to careers@dataco.io",2026-03-11
REMOTE: Machine Learning Engineer. Salary $150k. 5+ years exp. Apply at https://apply.airecruiting.io/mlengineer,2026-03-11
"Frontend Developer (React) needed in Austin, TX. Pay: 110K/year. Apply at https://company.com/careers",2026-03-11
"Frontend Developer (React) needed in Austin, TX. Pay: $110K/year. Apply at https://company.com/careers",2026-03-11
Product Manager (Tech) - Series A Startup - $130K + options - careers@startup.io,2026-03-11
REMOTE: Machine Learning Engineer. Salary $150k. 5+ years exp. Apply at https://apply.airecruiting.io/mlengineer,2026-03-11
REMOTE: Machine Learning Engineer. Salary 150 thousand. 5+ years exp. Apply at https://apply.airecruiting.io/mlengineer,2026-03-11
"senior data engineer @ financeco. salary: 175,000. new yor thousand, ny. python/sql required.",2026-03-11
"entry level position: junior data analyst. $65,000 - san francisco, ca. send cv to hr@startup.co",2026-03-11
Marketing Manager - $85K - Miami FL - Contact: sarah@marketingagency.com for more info,2026-03-11
product manager (tech) - series a startup - $130k + options - careers@startup.io,2026-03-11
"We're hiring a Data Scientist! Location: NYC. Salary: 130,000 USD. Email resume to careers@dataco.io",2026-03-11
"Senior Data Engineer @ FinanceCo. Salary: $175,000. New York, NY. Python/SQL required.",2026-03-11
Job: Senior Python Developer at TechCorp - Salary $120k - $150k - Remote - Contact: hiring@techcorp.com,2026-03-11
REMOTE: Machine Learning Engineer. Salary 150 thousand. 5+ years exp. Apply at https://apply.airecruiting.io/mlengineer,2026-03-11
REMOTE: Machine Learning Engineer. Salary 150 thousand. 5+ years exp. Apply at https://apply.airecruiting.io/mlengineer,2026-03-11
"entry level position: junior data analyst. 65,000 - san francisco, ca. send cv to hr@startup.co",2026-03-11
Backend Engineer - Java/Spring - Chicago IL - 120k-140k + equity - jobs@bigtech.com,2026-03-11
Marketing Manager - $85K - Miami FL - Contact: sarah@marketingagency.com for more info,2026-03-11
Job: Senior Python Developer at TechCorp - Salary $120k - $150k - Remote - Contact: hiring@techcorp.com,2026-03-11
DevOps Engineer with AWS experience. $140-160K. Hybrid in Boston. Call 555-123-4567,2026-03-11
DevOps Engineer with AWS experience. $140-160K. Hybrid in Boston. Call 555-123-4567,2026-03-11
"entry level position: junior data analyst. 65,000 - san francisco, ca. send cv to hr@startup.co",2026-03-11
"Entry Level Position: Junior Data Analyst. $65,000 - San Francisco, CA. Send CV to hr@startup.co",2026-03-11
"We're hiring a Data Scientist! Location: NYC. Salary: 130,000 USD. Email resume to careers@dataco.io",2026-03-11
Marketing Manager - $85K - Miami FL - Contact: sarah@marketingagency.com for more info,2026-03-11
Job: Senior Python Developer at TechCorp - Salary $120k - $150k - Remote - Contact: hiring@techcorp.com,2026-03-11
"Senior Data Engineer @ FinanceCo. Salary: $175,000. New York, NY. Python/SQL required.",2026-03-11
"We're hiring a Data Scientist! Location: NYC. Salary: 130,000 USD. Email resume to careers@dataco.io",2026-03-11
Marketing Manager - $85K - Miami FL - Contact: sarah@marketingagency.com for more info,2026-03-11
REMOTE: Machine Learning Engineer. Salary $150k. 5+ years exp. Apply at https://apply.airecruiting.io/mlengineer,2026-03-11
Bac thousandend Engineer - Java/Spring - Chicago IL - 120 thousand-140 thousand + equity - jobs@bigtech.com,2026-03-11
"We're hiring a Data Scientist! Location: NYC. Salary: 130,000 USD. Email resume to careers@dataco.io",2026-03-11
"We're hiring a Data Scientist! Location: NYC. Salary: 130,000 USD. Email resume to careers@dataco.io",2026-03-11
"We're hiring a Data Scientist! Location: NYC. Salary: 130,000 USD. Email resume to careers@dataco.io",2026-03-11
"Senior Data Engineer @ FinanceCo. Salary: $175,000. New York, NY. Python/SQL required.",2026-03-11
"Senior Data Engineer @ FinanceCo. Salary: $175,000. New York, NY. Python/SQL required.",2026-03-11
Marketing Manager - $85K - Miami FL - Contact: sarah@marketingagency.com for more info,2026-03-11
Backend Engineer - Java/Spring - Chicago IL - 120k-140k + equity - jobs@bigtech.com,2026-03-11
Job: Senior Python Developer at TechCorp - Salary $120k - $150k - Remote - Contact: hiring@techcorp.com,2026-03-11
Product Manager (Tech) - Series A Startup - $130K + options - careers@startup.io,2026-03-11
"Frontend Developer (React) needed in Austin, TX. Pay: $110K/year. Apply at https://company.com/careers",2026-03-11
"Senior Data Engineer @ FinanceCo. Salary: $175,000. New York, NY. Python/SQL required.",2026-03-11
"Entry Level Position: Junior Data Analyst. 65,000 - San Francisco, CA. Send CV to hr@startup.co",2026-03-11
"Frontend Developer (React) needed in Austin, TX. Pay: 110K/year. Apply at https://company.com/careers",2026-03-11
"frontend developer (react) needed in austin, tx. pay: $110k/year. apply at https://company.com/careers",2026-03-11
Job: Senior Python Developer at TechCorp - Salary $120k - $150k - Remote - Contact: hiring@techcorp.com,2026-03-11
DevOps Engineer with AWS experience. $140-160K. Hybrid in Boston. Call 555-123-4567,2026-03-11
"frontend developer (react) needed in austin, tx. pay: $110k/year. apply at https://company.com/careers",2026-03-11
"we're hiring a data scientist! location: nyc. salary: 130,000 usd. email resume to careers@dataco.io",2026-03-11
"entry level position: junior data analyst. $65,000 - san francisco, ca. send cv to hr@startup.co",2026-03-11
backend engineer - java/spring - chicago il - 120k-140k + equity - jobs@bigtech.com,2026-03-11
"Entry Level Position: Junior Data Analyst. $65,000 - San Francisco, CA. Send CV to hr@startup.co",2026-03-11
DevOps Engineer with AWS experience. $140-160K. Hybrid in Boston. Call 555-123-4567,2026-03-11
"frontend developer (react) needed in austin, tx. pay: $110k/year. apply at https://company.com/careers",2026-03-11
"senior data engineer @ financeco. salary: $175,000. new york, ny. python/sql required.",2026-03-11
"Entry Level Position: Junior Data Analyst. 65,000 - San Francisco, CA. Send CV to hr@startup.co",2026-03-11
Product Manager (Tech) - Series A Startup - $130K + options - careers@startup.io,2026-03-11
Job: Senior Python Developer at TechCorp - Salary $120k - $150k - Remote - Contact: hiring@techcorp.com,2026-03-11
Job: Senior Python Developer at TechCorp - Salary 120 thousand - 150 thousand - Remote - Contact: hiring@techcorp.com,2026-03-11
Job: Senior Python Developer at TechCorp - Salary $120k - $150k - Remote - Contact: hiring@techcorp.com,2026-03-11
Backend Engineer - Java/Spring - Chicago IL - 120k-140k + equity - jobs@bigtech.com,2026-03-11
Marketing Manager - $85K - Miami FL - Contact: sarah@marketingagency.com for more info,2026-03-11
DevOps Engineer with AWS experience. 140-160K. Hybrid in Boston. Call 555-123-4567,2026-03-11
Bac thousandend Engineer - Java/Spring - Chicago IL - 120 thousand-140 thousand + equity - jobs@bigtech.com,2026-03-11
"Senior Data Engineer @ FinanceCo. Salary: $175,000. New York, NY. Python/SQL required.",2026-03-11
Job: Senior Python Developer at TechCorp - Salary 120 thousand - 150 thousand - Remote - Contact: hiring@techcorp.com,2026-03-11
"we're hiring a data scientist! location: nyc. salary: 130,000 usd. email resume to careers@dataco.io",2026-03-11
REMOTE: Machine Learning Engineer. Salary 150 thousand. 5+ years exp. Apply at https://apply.airecruiting.io/mlengineer,2026-03-11
DevOps Engineer with AWS experience. $140-160K. Hybrid in Boston. Call 555-123-4567,2026-03-11
"Frontend Developer (React) needed in Austin, TX. Pay: $110K/year. Apply at https://company.com/careers",2026-03-11
"Frontend Developer (React) needed in Austin, TX. Pay: 110K/year. Apply at https://company.com/careers",2026-03-11
devops engineer with aws experience. $140-160k. hybrid in boston. call 555-123-4567,2026-03-11
Bac thousandend Engineer - Java/Spring - Chicago IL - 120 thousand-140 thousand + equity - jobs@bigtech.com,2026-03-11
DevOps Engineer with AWS experience. $140-160K. Hybrid in Boston. Call 555-123-4567,2026-03-11
DevOps Engineer with AWS experience. 140-160K. Hybrid in Boston. Call 555-123-4567,2026-03-11
devops engineer with aws experience. $140-160k. hybrid in boston. call 555-123-4567,2026-03-11
"Frontend Developer (React) needed in Austin, TX. Pay: $110K/year. Apply at https://company.com/careers",2026-03-11
Bac thousandend Engineer - Java/Spring - Chicago IL - 120 thousand-140 thousand + equity - jobs@bigtech.com,2026-03-11
"We're hiring a Data Scientist! Location: NYC. Salary: 130,000 USD. Email resume to careers@dataco.io",2026-03-11
DevOps Engineer with AWS experience. 140-160K. Hybrid in Boston. Call 555-123-4567,2026-03-11
job: senior python developer at techcorp - salary $120k - $150k - remote - contact: hiring@techcorp.com,2026-03-11
"Frontend Developer (React) needed in Austin, TX. Pay: 110K/year. Apply at https://company.com/careers",2026-03-11
Marketing Manager - $85K - Miami FL - Contact: sarah@marketingagency.com for more info,2026-03-11
marketing manager - $85k - miami fl - contact: sarah@marketingagency.com for more info,2026-03-11
"Entry Level Position: Junior Data Analyst. $65,000 - San Francisco, CA. Send CV to hr@startup.co",2026-03-11
"We're hiring a Data Scientist! Location: NYC. Salary: 130,000 USD. Email resume to careers@dataco.io",2026-03-11
Mar thousandeting Manager - 85K - Miami FL - Contact: sarah@mar thousandetingagency.com for more info,2026-03-11
marketing manager - $85k - miami fl - contact: sarah@marketingagency.com for more info,2026-03-11
"frontend developer (react) needed in austin, tx. pay: $110k/year. apply at https://company.com/careers",2026-03-11
"Entry Level Position: Junior Data Analyst. $65,000 - San Francisco, CA. Send CV to hr@startup.co",2026-03-11
Marketing Manager - $85K - Miami FL - Contact: sarah@marketingagency.com for more info,2026-03-11
Product Manager (Tech) - Series A Startup - $130K + options - careers@startup.io,2026-03-11
"entry level position: junior data analyst. $65,000 - san francisco, ca. send cv to hr@startup.co",2026-03-11
Backend Engineer - Java/Spring - Chicago IL - 120k-140k + equity - jobs@bigtech.com,2026-03-11
"We're hiring a Data Scientist! Location: NYC. Salary: 130,000 USD. Email resume to careers@dataco.io",2026-03-11
"Entry Level Position: Junior Data Analyst. $65,000 - San Francisco, CA. Send CV to hr@startup.co",2026-03-11
"Entry Level Position: Junior Data Analyst. $65,000 - San Francisco, CA. Send CV to hr@startup.co",2026-03-11
Product Manager (Tech) - Series A Startup - $130K + options - careers@startup.io,2026-03-11
Backend Engineer - Java/Spring - Chicago IL - 120k-140k + equity - jobs@bigtech.com,2026-03-11
mar thousandeting manager - 85k - miami fl - contact: sarah@mar thousandetingagency.com for more info,2026-03-11
Mar thousandeting Manager - 85K - Miami FL - Contact: sarah@mar thousandetingagency.com for more info,2026-03-11
Bac thousandend Engineer - Java/Spring - Chicago IL - 120 thousand-140 thousand + equity - jobs@bigtech.com,2026-03-11
REMOTE: Machine Learning Engineer. Salary $150k. 5+ years exp. Apply at https://apply.airecruiting.io/mlengineer,2026-03-11
"We're hiring a Data Scientist! Location: NYC. Salary: 130,000 USD. Email resume to careers@dataco.io",2026-03-11
Mar thousandeting Manager - 85K - Miami FL - Contact: sarah@mar thousandetingagency.com for more info,2026-03-11
Product Manager (Tech) - Series A Startup - $130K + options - careers@startup.io,2026-03-11
"We're hiring a Data Scientist! Location: NYC. Salary: 130,000 USD. Email resume to careers@dataco.io",2026-03-11
"Frontend Developer (React) needed in Austin, TX. Pay: $110K/year. Apply at https://company.com/careers",2026-03-11
remote: machine learning engineer. salary $150k. 5+ years exp. apply at https://apply.airecruiting.io/mlengineer,2026-03-11
Marketing Manager - $85K - Miami FL - Contact: sarah@marketingagency.com for more info,2026-03-11
Product Manager (Tech) - Series A Startup - $130K + options - careers@startup.io,2026-03-11
REMOTE: Machine Learning Engineer. Salary 150 thousand. 5+ years exp. Apply at https://apply.airecruiting.io/mlengineer,2026-03-11
"senior data engineer @ financeco. salary: 175,000. new yor thousand, ny. python/sql required.",2026-03-11
bac thousandend engineer - java/spring - chicago il - 120 thousand-140 thousand + equity - jobs@bigtech.com,2026-03-11
marketing manager - $85k - miami fl - contact: sarah@marketingagency.com for more info,2026-03-11
"Senior Data Engineer @ FinanceCo. Salary: $175,000. New York, NY. Python/SQL required.",2026-03-11
Backend Engineer - Java/Spring - Chicago IL - 120k-140k + equity - jobs@bigtech.com,2026-03-11
Product Manager (Tech) - Series A Startup - $130K + options - careers@startup.io,2026-03-11
DevOps Engineer with AWS experience. $140-160K. Hybrid in Boston. Call 555-123-4567,2026-03-11
"Entry Level Position: Junior Data Analyst. $65,000 - San Francisco, CA. Send CV to hr@startup.co",2026-03-11
Marketing Manager - $85K - Miami FL - Contact: sarah@marketingagency.com for more info,2026-03-11
"entry level position: junior data analyst. $65,000 - san francisco, ca. send cv to hr@startup.co",2026-03-11
"Frontend Developer (React) needed in Austin, TX. Pay: $110K/year. Apply at https://company.com/careers",2026-03-11
Job: Senior Python Developer at TechCorp - Salary $120k - $150k - Remote - Contact: hiring@techcorp.com,2026-03-11
REMOTE: Machine Learning Engineer. Salary 150 thousand. 5+ years exp. Apply at https://apply.airecruiting.io/mlengineer,2026-03-11
"Frontend Developer (React) needed in Austin, TX. Pay: 110K/year. Apply at https://company.com/careers",2026-03-11
"Entry Level Position: Junior Data Analyst. $65,000 - San Francisco, CA. Send CV to hr@startup.co",2026-03-11
"We're hiring a Data Scientist! Location: NYC. Salary: 130,000 USD. Email resume to careers@dataco.io",2026-03-11
"Senior Data Engineer @ FinanceCo. Salary: $175,000. New York, NY. Python/SQL required.",2026-03-11
REMOTE: Machine Learning Engineer. Salary $150k. 5+ years exp. Apply at https://apply.airecruiting.io/mlengineer,2026-03-11
Marketing Manager - $85K - Miami FL - Contact: sarah@marketingagency.com for more info,2026-03-11
Marketing Manager - $85K - Miami FL - Contact: sarah@marketingagency.com for more info,2026-03-11
DevOps Engineer with AWS experience. 140-160K. Hybrid in Boston. Call 555-123-4567,2026-03-11
Bac thousandend Engineer - Java/Spring - Chicago IL - 120 thousand-140 thousand + equity - jobs@bigtech.com,2026-03-11
devops engineer with aws experience. 140-160k. hybrid in boston. call 555-123-4567,2026-03-11
Job: Senior Python Developer at TechCorp - Salary $120k - $150k - Remote - Contact: hiring@techcorp.com,2026-03-11
Mar thousandeting Manager - 85K - Miami FL - Contact: sarah@mar thousandetingagency.com for more info,2026-03-11
Backend Engineer - Java/Spring - Chicago IL - 120k-140k + equity - jobs@bigtech.com,2026-03-11
"Entry Level Position: Junior Data Analyst. $65,000 - San Francisco, CA. Send CV to hr@startup.co",2026-03-11
Product Manager (Tech) - Series A Startup - $130K + options - careers@startup.io,2026-03-11
Job: Senior Python Developer at TechCorp - Salary $120k - $150k - Remote - Contact: hiring@techcorp.com,2026-03-11
DevOps Engineer with AWS experience. $140-160K. Hybrid in Boston. Call 555-123-4567,2026-03-11
Job: Senior Python Developer at TechCorp - Salary $120k - $150k - Remote - Contact: hiring@techcorp.com,2026-03-11
Product Manager (Tech) - Series A Startup - $130K + options - careers@startup.io,2026-03-11
Mar thousandeting Manager - 85K - Miami FL - Contact: sarah@mar thousandetingagency.com for more info,2026-03-11
Product Manager (Tech) - Series A Startup - 130K + options - careers@startup.io,2026-03-11
product manager (tech) - series a startup - 130k + options - careers@startup.io,2026-03-11
"We're hiring a Data Scientist! Location: NYC. Salary: 130,000 USD. Email resume to careers@dataco.io",2026-03-11
product manager (tech) - series a startup - $130k + options - careers@startup.io,2026-03-11
Product Manager (Tech) - Series A Startup - $130K + options - careers@startup.io,2026-03-11
"Frontend Developer (React) needed in Austin, TX. Pay: $110K/year. Apply at https://company.com/careers",2026-03-11
job: senior python developer at techcorp - salary 120 thousand - 150 thousand - remote - contact: hiring@techcorp.com,2026-03-11
REMOTE: Machine Learning Engineer. Salary 150 thousand. 5+ years exp. Apply at https://apply.airecruiting.io/mlengineer,2026-03-11
"We're hiring a Data Scientist! Location: NYC. Salary: 130,000 USD. Email resume to careers@dataco.io",2026-03-11
remote: machine learning engineer. salary $150k. 5+ years exp. apply at https://apply.airecruiting.io/mlengineer,2026-03-11
Product Manager (Tech) - Series A Startup - $130K + options - careers@startup.io,2026-03-11
Product Manager (Tech) - Series A Startup - $130K + options - careers@startup.io,2026-03-11
"Entry Level Position: Junior Data Analyst. 65,000 - San Francisco, CA. Send CV to hr@startup.co",2026-03-11
Backend Engineer - Java/Spring - Chicago IL - 120k-140k + equity - jobs@bigtech.com,2026-03-11
"Frontend Developer (React) needed in Austin, TX. Pay: $110K/year. Apply at https://company.com/careers",2026-03-11
marketing manager - $85k - miami fl - contact: sarah@marketingagency.com for more info,2026-03-11
"Entry Level Position: Junior Data Analyst. 65,000 - San Francisco, CA. Send CV to hr@startup.co",2026-03-11
"Senior Data Engineer @ FinanceCo. Salary: $175,000. New York, NY. Python/SQL required.",2026-03-11
"Entry Level Position: Junior Data Analyst. $65,000 - San Francisco, CA. Send CV to hr@startup.co",2026-03-11
DevOps Engineer with AWS experience. $140-160K. Hybrid in Boston. Call 555-123-4567,2026-03-11
Backend Engineer - Java/Spring - Chicago IL - 120k-140k + equity - jobs@bigtech.com,2026-03-11
job: senior python developer at techcorp - salary 120 thousand - 150 thousand - remote - contact: hiring@techcorp.com,2026-03-11
job: senior python developer at techcorp - salary $120k - $150k - remote - contact: hiring@techcorp.com,2026-03-11
"Entry Level Position: Junior Data Analyst. 65,000 - San Francisco, CA. Send CV to hr@startup.co",2026-03-11
REMOTE: Machine Learning Engineer. Salary $150k. 5+ years exp. Apply at https://apply.airecruiting.io/mlengineer,2026-03-11
"we're hiring a data scientist! location: nyc. salary: 130,000 usd. email resume to careers@dataco.io",2026-03-11
"Frontend Developer (React) needed in Austin, TX. Pay: $110K/year. Apply at https://company.com/careers",2026-03-11
"Frontend Developer (React) needed in Austin, TX. Pay: $110K/year. Apply at https://company.com/careers",2026-03-11
"Senior Data Engineer @ FinanceCo. Salary: $175,000. New York, NY. Python/SQL required.",2026-03-11
"Entry Level Position: Junior Data Analyst. $65,000 - San Francisco, CA. Send CV to hr@startup.co",2026-03-11
"senior data engineer @ financeco. salary: $175,000. new york, ny. python/sql required.",2026-03-11
"We're hiring a Data Scientist! Location: NYC. Salary: 130,000 USD. Email resume to careers@dataco.io",2026-03-11
"Frontend Developer (React) needed in Austin, TX. Pay: $110K/year. Apply at https://company.com/careers",2026-03-11
Product Manager (Tech) - Series A Startup - 130K + options - careers@startup.io,2026-03-11
Product Manager (Tech) - Series A Startup - $130K + options - careers@startup.io,2026-03-11
"Senior Data Engineer @ FinanceCo. Salary: 175,000. New Yor thousand, NY. Python/SQL required.",2026-03-11
"We're hiring a Data Scientist! Location: NYC. Salary: 130,000 USD. Email resume to careers@dataco.io",2026-03-11
"Senior Data Engineer @ FinanceCo. Salary: 175,000. New Yor thousand, NY. Python/SQL required.",2026-03-11
"We're hiring a Data Scientist! Location: NYC. Salary: 130,000 USD. Email resume to careers@dataco.io",2026-03-11
"Frontend Developer (React) needed in Austin, TX. Pay: $110K/year. Apply at https://company.com/careers",2026-03-11
Product Manager (Tech) - Series A Startup - $130K + options - careers@startup.io,2026-03-11
Backend Engineer - Java/Spring - Chicago IL - 120k-140k + equity - jobs@bigtech.com,2026-03-11
"Senior Data Engineer @ FinanceCo. Salary: $175,000. New York, NY. Python/SQL required.",2026-03-11
REMOTE: Machine Learning Engineer. Salary $150k. 5+ years exp. Apply at https://apply.airecruiting.io/mlengineer,2026-03-11
"We're hiring a Data Scientist! Location: NYC. Salary: 130,000 USD. Email resume to careers@dataco.io",2026-03-11
remote: machine learning engineer. salary 150 thousand. 5+ years exp. apply at https://apply.airecruiting.io/mlengineer,2026-03-11
backend engineer - java/spring - chicago il - 120k-140k + equity - jobs@bigtech.com,2026-03-11
Backend Engineer - Java/Spring - Chicago IL - 120k-140k + equity - jobs@bigtech.com,2026-03-11
Job: Senior Python Developer at TechCorp - Salary $120k - $150k - Remote - Contact: hiring@techcorp.com,2026-03-11
DevOps Engineer with AWS experience. $140-160K. Hybrid in Boston. Call 555-123-4567,2026-03-11
"Senior Data Engineer @ FinanceCo. Salary: $175,000. New York, NY. Python/SQL required.",2026-03-11
bac thousandend engineer - java/spring - chicago il - 120 thousand-140 thousand + equity - jobs@bigtech.com,2026-03-11
"Entry Level Position: Junior Data Analyst. $65,000 - San Francisco, CA. Send CV to hr@startup.co",2026-03-11
REMOTE: Machine Learning Engineer. Salary 150 thousand. 5+ years exp. Apply at https://apply.airecruiting.io/mlengineer,2026-03-11
REMOTE: Machine Learning Engineer. Salary $150k. 5+ years exp. Apply at https://apply.airecruiting.io/mlengineer,2026-03-11
"We're hiring a Data Scientist! Location: NYC. Salary: 130,000 USD. Email resume to careers@dataco.io",2026-03-11
DevOps Engineer with AWS experience. 140-160K. Hybrid in Boston. Call 555-123-4567,2026-03-11
DevOps Engineer with AWS experience. $140-160K. Hybrid in Boston. Call 555-123-4567,2026-03-11
"Entry Level Position: Junior Data Analyst. $65,000 - San Francisco, CA. Send CV to hr@startup.co",2026-03-11
DevOps Engineer with AWS experience. 140-160K. Hybrid in Boston. Call 555-123-4567,2026-03-11
Job: Senior Python Developer at TechCorp - Salary $120k - $150k - Remote - Contact: hiring@techcorp.com,2026-03-11
"Senior Data Engineer @ FinanceCo. Salary: $175,000. New York, NY. Python/SQL required.",2026-03-11
Marketing Manager - $85K - Miami FL - Contact: sarah@marketingagency.com for more info,2026-03-11
"We're hiring a Data Scientist! Location: NYC. Salary: 130,000 USD. Email resume to careers@dataco.io",2026-03-11
REMOTE: Machine Learning Engineer. Salary $150k. 5+ years exp. Apply at https://apply.airecruiting.io/mlengineer,2026-03-11
"We're hiring a Data Scientist! Location: NYC. Salary: 130,000 USD. Email resume to careers@dataco.io",2026-03-11
Marketing Manager - $85K - Miami FL - Contact: sarah@marketingagency.com for more info,2026-03-11
"Senior Data Engineer @ FinanceCo. Salary: $175,000. New York, NY. Python/SQL required.",2026-03-11
"Frontend Developer (React) needed in Austin, TX. Pay: $110K/year. Apply at https://company.com/careers",2026-03-11
Backend Engineer - Java/Spring - Chicago IL - 120k-140k + equity - jobs@bigtech.com,2026-03-11
"Frontend Developer (React) needed in Austin, TX. Pay: 110K/year. Apply at https://company.com/careers",2026-03-11
Marketing Manager - $85K - Miami FL - Contact: sarah@marketingagency.com for more info,2026-03-11
DevOps Engineer with AWS experience. $140-160K. Hybrid in Boston. Call 555-123-4567,2026-03-11
REMOTE: Machine Learning Engineer. Salary $150k. 5+ years exp. Apply at https://apply.airecruiting.io/mlengineer,2026-03-11
REMOTE: Machine Learning Engineer. Salary 150 thousand. 5+ years exp. Apply at https://apply.airecruiting.io/mlengineer,2026-03-11
"entry level position: junior data analyst. $65,000 - san francisco, ca. send cv to hr@startup.co",2026-03-11
Job: Senior Python Developer at TechCorp - Salary $120k - $150k - Remote - Contact: hiring@techcorp.com,2026-03-11
Marketing Manager - $85K - Miami FL - Contact: sarah@marketingagency.com for more info,2026-03-11
"Senior Data Engineer @ FinanceCo. Salary: 175,000. New Yor thousand, NY. Python/SQL required.",2026-03-11
DevOps Engineer with AWS experience. $140-160K. Hybrid in Boston. Call 555-123-4567,2026-03-11
Job: Senior Python Developer at TechCorp - Salary 120 thousand - 150 thousand - Remote - Contact: hiring@techcorp.com,2026-03-11
DevOps Engineer with AWS experience. $140-160K. Hybrid in Boston. Call 555-123-4567,2026-03-11
"Senior Data Engineer @ FinanceCo. Salary: $175,000. New York, NY. Python/SQL required.",2026-03-11
Product Manager (Tech) - Series A Startup - $130K + options - careers@startup.io,2026-03-11
REMOTE: Machine Learning Engineer. Salary 150 thousand. 5+ years exp. Apply at https://apply.airecruiting.io/mlengineer,2026-03-11
"Entry Level Position: Junior Data Analyst. $65,000 - San Francisco, CA. Send CV to hr@startup.co",2026-03-11
job: senior python developer at techcorp - salary 120 thousand - 150 thousand - remote - contact: hiring@techcorp.com,2026-03-11
product manager (tech) - series a startup - 130k + options - careers@startup.io,2026-03-11
"Senior Data Engineer @ FinanceCo. Salary: $175,000. New York, NY. Python/SQL required.",2026-03-11
Job: Senior Python Developer at TechCorp - Salary $120k - $150k - Remote - Contact: hiring@techcorp.com,2026-03-11
Job: Senior Python Developer at TechCorp - Salary $120k - $150k - Remote - Contact: hiring@techcorp.com,2026-03-11
REMOTE: Machine Learning Engineer. Salary $150k. 5+ years exp. Apply at https://apply.airecruiting.io/mlengineer,2026-03-11
Job: Senior Python Developer at TechCorp - Salary 120 thousand - 150 thousand - Remote - Contact: hiring@techcorp.com,2026-03-11
DevOps Engineer with AWS experience. $140-160K. Hybrid in Boston. Call 555-123-4567,2026-03-11
"Frontend Developer (React) needed in Austin, TX. Pay: 110K/year. Apply at https://company.com/careers",2026-03-11
"Senior Data Engineer @ FinanceCo. Salary: $175,000. New York, NY. Python/SQL required.",2026-03-11
Mar thousandeting Manager - 85K - Miami FL - Contact: sarah@mar thousandetingagency.com for more info,2026-03-11
"frontend developer (react) needed in austin, tx. pay: 110k/year. apply at https://company.com/careers",2026-03-11
Mar thousandeting Manager - 85K - Miami FL - Contact: sarah@mar thousandetingagency.com for more info,2026-03-11
REMOTE: Machine Learning Engineer. Salary $150k. 5+ years exp. Apply at https://apply.airecruiting.io/mlengineer,2026-03-11
"Senior Data Engineer @ FinanceCo. Salary: 175,000. New Yor thousand, NY. Python/SQL required.",2026-03-11
DevOps Engineer with AWS experience. $140-160K. Hybrid in Boston. Call 555-123-4567,2026-03-11
Backend Engineer - Java/Spring - Chicago IL - 120k-140k + equity - jobs@bigtech.com,2026-03-11
Job: Senior Python Developer at TechCorp - Salary $120k - $150k - Remote - Contact: hiring@techcorp.com,2026-03-11
Marketing Manager - $85K - Miami FL - Contact: sarah@marketingagency.com for more info,2026-03-11
product manager (tech) - series a startup - $130k + options - careers@startup.io,2026-03-11
Job: Senior Python Developer at TechCorp - Salary $120k - $150k - Remote - Contact: hiring@techcorp.com,2026-03-11
Marketing Manager - $85K - Miami FL - Contact: sarah@marketingagency.com for more info,2026-03-11
"entry level position: junior data analyst. $65,000 - san francisco, ca. send cv to hr@startup.co",2026-03-11
"Entry Level Position: Junior Data Analyst. $65,000 - San Francisco, CA. Send CV to hr@startup.co",2026-03-11
DevOps Engineer with AWS experience. 140-160K. Hybrid in Boston. Call 555-123-4567,2026-03-11
REMOTE: Machine Learning Engineer. Salary $150k. 5+ years exp. Apply at https://apply.airecruiting.io/mlengineer,2026-03-11
Backend Engineer - Java/Spring - Chicago IL - 120k-140k + equity - jobs@bigtech.com,2026-03-11
"We're hiring a Data Scientist! Location: NYC. Salary: 130,000 USD. Email resume to careers@dataco.io",2026-03-11
Backend Engineer - Java/Spring - Chicago IL - 120k-140k + equity - jobs@bigtech.com,2026-03-11
Product Manager (Tech) - Series A Startup - 130K + options - careers@startup.io,2026-03-11
REMOTE: Machine Learning Engineer. Salary $150k. 5+ years exp. Apply at https://apply.airecruiting.io/mlengineer,2026-03-11
Backend Engineer - Java/Spring - Chicago IL - 120k-140k + equity - jobs@bigtech.com,2026-03-11
DevOps Engineer with AWS experience. 140-160K. Hybrid in Boston. Call 555-123-4567,2026-03-11
"Entry Level Position: Junior Data Analyst. $65,000 - San Francisco, CA. Send CV to hr@startup.co",2026-03-11
Product Manager (Tech) - Series A Startup - $130K + options - careers@startup.io,2026-03-11
DevOps Engineer with AWS experience. $140-160K. Hybrid in Boston. Call 555-123-4567,2026-03-11
"Senior Data Engineer @ FinanceCo. Salary: $175,000. New York, NY. Python/SQL required.",2026-03-11
Backend Engineer - Java/Spring - Chicago IL - 120k-140k + equity - jobs@bigtech.com,2026-03-11
"we're hiring a data scientist! location: nyc. salary: 130,000 usd. email resume to careers@dataco.io",2026-03-11
"Frontend Developer (React) needed in Austin, TX. Pay: $110K/year. Apply at https://company.com/careers",2026-03-11
DevOps Engineer with AWS experience. $140-160K. Hybrid in Boston. Call 555-123-4567,2026-03-11
REMOTE: Machine Learning Engineer. Salary $150k. 5+ years exp. Apply at https://apply.airecruiting.io/mlengineer,2026-03-11
"We're hiring a Data Scientist! Location: NYC. Salary: 130,000 USD. Email resume to careers@dataco.io",2026-03-11
backend engineer - java/spring - chicago il - 120k-140k + equity - jobs@bigtech.com,2026-03-11
"Entry Level Position: Junior Data Analyst. 65,000 - San Francisco, CA. Send CV to hr@startup.co",2026-03-11
"Senior Data Engineer @ FinanceCo. Salary: $175,000. New York, NY. Python/SQL required.",2026-03-11
DevOps Engineer with AWS experience. 140-160K. Hybrid in Boston. Call 555-123-4567,2026-03-11
Product Manager (Tech) - Series A Startup - $130K + options - careers@startup.io,2026-03-11
"Senior Data Engineer @ FinanceCo. Salary: $175,000. New York, NY. Python/SQL required.",2026-03-11
"Senior Data Engineer @ FinanceCo. Salary: $175,000. New York, NY. Python/SQL required.",2026-03-11
Product Manager (Tech) - Series A Startup - $130K + options - careers@startup.io,2026-03-11
Product Manager (Tech) - Series A Startup - $130K + options - careers@startup.io,2026-03-11
"frontend developer (react) needed in austin, tx. pay: $110k/year. apply at https://company.com/careers",2026-03-11
Product Manager (Tech) - Series A Startup - $130K + options - careers@startup.io,2026-03-11
Product Manager (Tech) - Series A Startup - 130K + options - careers@startup.io,2026-03-11
"Frontend Developer (React) needed in Austin, TX. Pay: $110K/year. Apply at https://company.com/careers",2026-03-11
REMOTE: Machine Learning Engineer. Salary $150k. 5+ years exp. Apply at https://apply.airecruiting.io/mlengineer,2026-03-11
"we're hiring a data scientist! location: nyc. salary: 130,000 usd. email resume to careers@dataco.io",2026-03-11
Backend Engineer - Java/Spring - Chicago IL - 120k-140k + equity - jobs@bigtech.com,2026-03-11
Job: Senior Python Developer at TechCorp - Salary $120k - $150k - Remote - Contact: hiring@techcorp.com,2026-03-11
"Frontend Developer (React) needed in Austin, TX. Pay: $110K/year. Apply at https://company.com/careers",2026-03-11
backend engineer - java/spring - chicago il - 120k-140k + equity - jobs@bigtech.com,2026-03-11
"Senior Data Engineer @ FinanceCo. Salary: $175,000. New York, NY. Python/SQL required.",2026-03-11
